AMI #,Failure Scenarios,Description,Relevant Vulnerabilities ,Impacts,Potential Mitigations,NIST CSF Subcategory
1.0,Authorized Employee Issues Unauthorized Mass Remote Disconnect,"An employee within the utility having valid authorization, issues a “remote disconnect” command to a large number of meters. The employee may be bribed, disgruntled, or socially engineered",V1A) System permits potentially harmful command sequences such as a sufficiently large number of disconnects that may threaten system balance,"I1A) An instantaneous mass disconnect/reconnect over multiple feeders, if permitted by the system, could cause temporary blackouts due to circuit breaker trips until power on the grid can be rebalanced",M1A) Detect anomalous commands (anomalous disconnect and reconnect commands) not stemming from the normal Customer Information System (CIS) system,"DE.AE-5: Incident alert thresholds are established
DE.CM-1: The network is monitored to detect potential cybersecurity events
DE.AE-1: A baseline of network operations and expected data flows for users and systems is established and managed


"
,,,,I1B) A small number of disconnects could subvert the smart grid deployment and make the utility lose consumer confidence,M1B) Use Role-Based Access Control (RBAC) to limit who has access to sensitive functions,"PR.AC-4: Access permissions and authorizations are managed, incorporating the principles of least privilege and separation of duties"
,,,,,M1C) Validate data to ensure reasonableness of changes,"PR.DS-6: Integrity checking mechanisms are used to verify software, firmware, and information integrity
PR.IP-3: Configuration change control processes are in place"
,,,,,M1D) Generate alarms for changes to sensitive data,"DE.AE-5: Incident alert thresholds are established
DE.CM-1: The network is monitored to detect potential cybersecurity events
PR.DS-6: Integrity checking mechanisms are used to verify software, firmware, and information integrity"
,,,,,"M1E) Create audit logs to track who has made system configuration, software, or database additions or modifications","PR.PT-1: Audit/log records are determined, documented, implemented, and reviewed in accordance with policy"
,,,,,"M1F) Require two-person rule for single transactions that initiate mass disconnects (e.g., substation feeder, all meters listening to a given aggregation point, geographic region, etc.)","PR.AC-4: Access permissions and authorizations are managed, incorporating the principles of least privilege and separation of duties
PR.IP-1: A baseline configuration of information technology/industrial control systems is created and maintained incorporating security principles (e.g. concept of least functionality)"
,,,,,M1G) Limit events to no more than (n) number of disconnects (using any number of transactions) within a specified time period,PR.IP-1: A baseline configuration of information technology/industrial control systems is created and maintained incorporating security principles (e.g. concept of least functionality)
,,,,,M1H) Require two-person rule for greater than (n) number of disconnects within a specified time,"PR.AC-4: Access permissions and authorizations are managed, incorporating the principles of least privilege and separation of duties
PR.IP-1: A baseline configuration of information technology/industrial control systems is created and maintained incorporating security principles (e.g. concept of least functionality)"
,,,,,M1I) Cross check with the billing system to ensure the customer has the appropriate status before the disconnect command is issued,"PR.DS-6: Integrity checking mechanisms are used to verify software, firmware, and information integrity
"
2.0,Authorized Employee Manipulates MDMS Data to Over/Under Charge,"The Meter Data Management System (MDMS) is accessed by an employee (coerced or disgruntled) who selects a few accounts to overcharge or undercharge. This could be done by altering usage or pricing data. It may also be accomplished using malware. When the bills are paid, either the utility receives more or less revenue. An audit uncovering this activity could cause embarrassment or financial burden to the utility",V2A) System permits unauthorized changes to Meter Data Management System (MDMS) user billing data,I2A) Utility may be liable for mischarging customers,"M2A) Detect unusual patterns of energy usage (all utilities have some type of revenue protection scheme, but these may not be adequate)","DE.AE-5: Incident alert thresholds are established
DE.AE-1: A baseline of network operations and expected data flows for users and systems is established and managed
DE.CM-1: The network is monitored to detect potential cybersecurity events
"
,,,V2B) System assumes data inputs and resulting calculations are accurate for customer energy billing calculations in the Meter Data Management System (MDMS),I2B) Utilities will have to correct billing errors.,M2B) Use RBAC to limit access to sensitive functions,"PR.AC-4: Access permissions and authorizations are managed, incorporating the principles of least privilege and separation of duties"
,,,V2C) System permits installation of malware* on the MDMS,,M2C) Validate data to ensure reasonableness for changes,"PR.DS-6: Integrity checking mechanisms are used to verify software, firmware, and information integrity
PR.IP-3: Configuration change control processes are in place"
,,,,,M2D) Generate alarms on changes to sensitive data,"DE.AE-5: Incident alert thresholds are established
DE.CM-1: The network is monitored to detect potential cybersecurity events
PR.DS-6: Integrity checking mechanisms are used to verify software, firmware, and information integrity
PR.IP-3: Configuration change control processes are in place"
,,,,,M2E) Create audit logs of who has made software or database modifications,"PR.PT-1: Audit/log records are determined, documented, implemented, and reviewed in accordance with policy"
,,,,,"M2F) Check software execution integrity, since software may be compromised when loaded for execution","PR.DS-6: Integrity checking mechanisms are used to verify software, firmware, and information integrity"
,,,,,M2G) Detect abnormal output (unexpected data or destinations) in billing and AMI system network traffic,"DE.AE-1: A baseline of network operations and expected data flows for users and systems is established and managed
DE.CM-1: The network is monitored to detect potential cybersecurity events
DE.AE-5: Incident alert thresholds are established
"
,,,,,M2H) Perform financial audit to check for unexpected results,ID.GV-4: Governance and risk management processes address cybersecurity risks
,,,,,M2I) Implement configuration management,PR.IP-3: Configuration change control processes are in place
,,,,,M2J) Restrict physical access,PR.AC-2: Physical access to assets is managed and protected
,,,,,M2K) Train personnel regarding need to lock unattended workstations,PR.AT-1: All users are informed and trained 
,,,,,M2L) Detect physical intrusion with the use of video surveillance,"DE.CM-2: The physical environment is monitored to detect potential cybersecurity events

"
,,,,,M2M) Lock workstations when workstations are unattended,"PR.AC-2: Physical access to assets is managed and protected
PR.AC-7: Users, devices, and other assets are authenticated (e.g., single-factor, multi-factor) commensurate with the risk of the transaction (e.g., individuals’ security and privacy risks and other organizational risks)"
,,,,,M2M) Check software file integrity (digital signatures or keyed hashes) to validate software or firmware updates before installation and/or during operation,"PR.DS-6: Integrity checking mechanisms are used to verify software, firmware, and information integrity"
3.0,Invalid Access Used to Install Malware Enabling Remote Internet Control,"A threat agent acquires physical and logical access to the utility enterprise network. The threat agent installs remote accessible malware allowing remote command and control of the AMI system accessible from any available Internet connection. Physical access may be achieved via poor locks, unlocked doors, stolen credentials, or social engineering",V3A) System permits installation of malware* on the utility enterprise network or AMI implementation,I3A) Potential remote command and control capability by a threat agent,M3A) Use RBAC to limit who has access to the AMI system and the enterprise network,"PR.AC-4: Access permissions and authorizations are managed, incorporating the principles of least privilege and separation of duties"
,,,"V3B) Internet connection may be misused by adversary,* specifically the connection from the Internet to the utility enterprise network or AMI implementation can serve as a command channel for malware on the AMI system","I3B) Depending on the system’s architecture and permissions, performance of meter disconnects.",M3B) Create audit logs of who has made software additions or modifications,"PR.PT-1: Audit/log records are determined, documented, implemented, and reviewed in accordance with policy"
,,,V3C) Physical access may be obtained by unauthorized individuals to the utility enterprise network or AMI implementation,,M3C) Generate alerts when software additions or modifications have been made,"DE.AE-5: Incident alert thresholds are established
"
,,,V3D) System relies on credentials that are easy to obtain for access to the utility enterprise network or AMI implementation,,"M3D) Check software execution integrity, since software may be compromised when loaded for execution","PR.DS-6: Integrity checking mechanisms are used to verify software, firmware, and information integrity"
,,,,,M3E) Authenticate users so that physical access to the system(s) does not automatically grant logical access,"PR.AC-7: Users, devices, and other assets are authenticated (e.g., single-factor, multi-factor) commensurate with the risk of the transaction (e.g., individuals’ security and privacy risks and other organizational risks)"
,,,,,M3F) Require multi-factor authentication to gain access to sensitive systems,"PR.AC-7: Users, devices, and other assets are authenticated (e.g., single-factor, multi-factor) commensurate with the risk of the transaction (e.g., individuals’ security and privacy risks and other organizational risks)"
,,,,,M3G) Isolate networks serving critical functionality such as control systems from the Internet,"PR.AC-5: Network integrity is protected (e.g., network segregation, network segmentation)"
,,,,,"M3H) Restrict Internet access to deny controls systems networks access to or from the
Internet","PR.AC-5: Network integrity is protected (e.g., network segregation, network segmentation)
PR.PT-3: The principle of least functionality is incorporated by configuring systems to provide only essential capabilities"
,,,,,M3I) Require video surveillance to document who enters the server room,DE.CM-2: The physical environment is monitored to detect potential cybersecurity events
,,,,,M3J) Check software file integrity (digital signatures or keyed hashes) to validate software or firmware updates before installation and/or during operation,"PR.DS-6: Integrity checking mechanisms are used to verify software, firmware, and information integrity"
,,,,,M3K) Restrict physical access to the utility enterprise network or AMI implementation,PR.AC-2: Physical access to assets is managed and protected
,,,,,M3L) Protect credentials for the enterprise network and/or AMI system,"PR.AC-1: Identities and credentials are issued, managed, verified, revoked, and audited for authorized devices, users and processes"
,,,,,M3M) Require strong passwords for the enterprise network and/or AMI system,"PR.AC-7: Users, devices, and other assets are authenticated (e.g., single-factor, multi-factor) commensurate with the risk of the transaction (e.g., individuals’ security and privacy risks and other organizational risks)"
,,,,,M3N) Restrict configuration access to limit who has access and can make configuration changes,"PR.AC-4: Access permissions and authorizations are managed, incorporating the principles of least privilege and separation of duties
PR.IP-3: Configuration change control processes are in place"
4.0,Overused Key Captured on Meter Bus Enables Usage Data Manipulation,Meters are deployed with the same symmetric cryptographic key on all meters in the AMI implementation. A threat agent is able to acquire the secret encryption key after monitoring communications on the internal bus of one of these meters. The secret key is passed in the clear on the bus. Usage data is then manipulated to overstate/understate energy usage or to under/overstate energy production from Distributed Energy Resources (DERs),V4A) Secret key is stored or transmitted in the clear while in transit on the internal bus of a meter,"I4A) Continuous loss of revenue due to understated energy usage or overstated
energy production",M4A) Require approved cryptographic algorithms to protect the confidentiality of communications on the internal meter bus and the cryptographic keys,"PR.DS-2: Data-in-transit is protected
PR.PT-4: Communications and control networks are protected"
,,,V4B) Encryption keys are shared by multiple meters in an AMI implementation,"I4B) The utility may be liable for mischarging customers and may have to correct billing errors. If over-payments were received from customers, restitution would have to be paid to those customers",M4B) Require approved key management to protect the cryptographic keys,"PR.DS-1: Data-at-rest is protected
PR.DS-2: Data-in-transit is protected"
,,,,I4C) Loss of customer trust in the utility billing (negative publicity),M4C) Require unique keys (symmetric keys) for each deployed meter,"PR.IP-5: Policy and regulations regarding the physical operating environment for organizational assets are met
PR.DS-2: Data-in-transit is protected"
,,,,,"M4D) Detect unusual patterns of energy usage on smart meters (all utilities have some
type of revenue protection scheme, but these may not be adequate)","DE.AE-5: Incident alert thresholds are established
DE.AE-1: A baseline of network operations and expected data flows for users and systems is established and managed
DE.CM-1: The network is monitored to detect potential cybersecurity events
"
,,,,,M4E) Perform financial audit to check for unexpected results,ID.GV-4: Governance and risk management processes address cybersecurity risks
5.0,Mass Meter Rekeying Required when Common Key Compromised,"Meters are deployed with the same symmetric cryptographic key on all meters in the AMI implementation. Key compromise occurs in the field due to the ability to extract the secret key when in physical possession of a meter, or during distribution of keys to meters. In this failure scenario, no known financial or energy usage information is actually compromised due to the compromised key, but all the meters still need to be rekeyed to mitigate the potential for future malicious activities",V5A) Encryption keys are shared by multiple meters in an AMI implementation,"I5A) Negative publicity,",M5A) Require unique keys (symmetric key) for each meter,"PR.IP-5: Policy and regulations regarding the physical operating environment for organizational assets are met
PR.DS-2: Data-in-transit is protected"
,,,V5B) Secret key is stored or transmitted in the clear on the meter,I5B) Cost of rekeying meters,M5B) Require approved key management,"PR.DS-1: Data-at-rest is protected
PR.DS-2: Data-in-transit is protected"
,,,"V5C) Secret key is stored or transmitted in the clear during transit to the meter during
key distribution",,M5C) Require secure key storage on meters,"PR.IP-5: Policy and regulations regarding the physical operating environment for organizational assets are met
PR.DS-1: Data-at-rest is protected"
6.0,One Compromised Meter in a Mesh Wireless Network Blocks Others,"An unauthorized entity installs rogue firmware or software on a single smart meter. This might be via direct access to the meter or via interception/modification
of a legitimate meter update. The compromised meter software could report an understatement of usage, or cause sporadic failure of the self-test process to impede discovery. If meters in the system implement a mesh wireless network, the compromised meter might misroute communications from other meters, blocking the path back to the AMI headend for those meters and making those meters effectively “unresponsive.”",V6A) System relies on credentials that are easy to obtain for access for privileges to install firmware or software on a smart meter,"I6A) Continuous loss of revenue for utility if modified software/firmware understates
usage (impact scales as more meters are affected)","M6A) Detect unusual patterns of energy usage on smart meters (all utilities have some type of revenue protection scheme, but these may not be sufficient)","DE.AE-5: Incident alert thresholds are established
DE.AE-1: A baseline of network operations and expected data flows for users and systems is established and managed
DE.CM-1: The network is monitored to detect potential cybersecurity events
"
,,,"V6B) System permits unauthorized installation of software or firmware* on a smart
meter.","I6B) CTruck rolls needed to investigate compromised meter failure or nonresponsive
meters due to misrouting",M6B) Require multi-factor authentication for firmware or software updates,"PR.AC-7: Users, devices, and other assets are authenticated (e.g., single-factor, multi-factor) commensurate with the risk of the transaction (e.g., individuals’ security and privacy risks and other organizational risks)



"
,,,,,M6C) Use Role-Based Access Control to limit privileges to install software,"PR.AC-4: Access permissions and authorizations are managed, incorporating the principles of least privilege and separation of duties"
,,,,,M6D) Check software file integrity (digital signatures or keyed hashes) to validate software or firmware updates before installation and/or during operation,"PR.DS-6: Integrity checking mechanisms are used to verify software, firmware, and information integrity"
7.0,Deployed Meters Containing Undesirable Functionality Need Repair,"Undesirable capabilities and features are discovered in smart meters deployed by a utility. This discovery may happen as the result of focused security research or because the utility discovers it has deployed a product containing the same compromised chipset used in a common consumer product. For example, an additional communications channel could be available on the meter, which, if activated, permits offloading of personally identifiable information (PII) or interferes with the functioning of the devices. The compromised smart meters will need to be upgraded or replaced","V7A) Physical access may be obtained by unauthorized individuals via the smart meter
interfaces which can permit modifying device functionality",I7A) Cost to upgrade or potentially replace meters,"M7A) Conduct penetration testing of devices which includes security analysis of all device interfaces, regardless of their respective impact on meter functionality (such as labeling and internal Joint Test Action Group (JTAG) interfaces)",ID.RA-1: Asset vulnerabilities are identified and documented
,,,V7B) Presence of features or functions that may be misused by users in a manner not intended by the designers of the smart meter,"I7B) If violations of consumer privacy are proven, the utility may be subject to legal actions",M7B) Require secure remote firmware upgrade on the meter,"PR.MA-2: Remote maintenance of organizational assets is approved, logged, and performed in a manner that prevents unauthorized access
PR.DS-6: Integrity checking mechanisms are used to verify software, firmware, and information integrity"
,,,,"I7C) If meters go “dead” or misstate usage, the utility would lose revenue from impacted customers until the meters are fixed or replaced",M7C) Require secure boot loader,"PR.DS-6: Integrity checking mechanisms are used to verify software, firmware, and information integrity"
,,,,,M7D) Generate alarms for unusual or unexpected meter operations,"DE.AE-5: Incident alert thresholds are established
DE.CM-1: The network is monitored to detect potential cybersecurity events"
,,,,,M7E) Detect abnormal functionality to identify network ports and services in use and generate alerts,"DE.AE-1: A baseline of network operations and expected data flows for users and systems is established and managed
DE.CM-1: The network is monitored to detect potential cybersecurity events
DE.AE-5: Incident alert thresholds are established

"
,,,,,M7F) Cross check network ports and services against intended applications,"PR.IP-1: A baseline configuration of information technology/industrial control systems is created and maintained incorporating security principles (e.g. concept of least functionality)
PR.AC-5: Network integrity is protected (e.g., network segregation, network segmentation)"
,,,,,M7G) Generate alerts for unapproved traffic,DE.AE-5: Incident alert thresholds are established
8.0,False Meter Alarms Overwhelm AMI and Mask Real Alarms,"Either due to spoofed tamper alarms or design/implementation problems with the legitimate alarm capability, false meter alarms overwhelm the AMI system and/or cause real meter alarms to be disabled or ignored",V8A) Alarm management system does not support required processing for legitimate alarm conditions* in the AMI system,I8A) Disabling or ignoring of alarms leads to loss of metering tamper awareness and increases the impact of those failure scenarios in which meter tampering occurs,"M8A) Prioritize alarms by type, location, and other criteria so that high-profile alarms
can be distinguished and highlighted","DE.AE-5: Incident alert thresholds are established
ID.AM-5: Resources (e.g., hardware, devices, data, time, personnel, and software) are prioritized based on their classification, criticality, and business value
"
,,,V8B) Alarm processing capability is overwhelmed by unnecessary alarms in the alarm management component of the AMI system,,M8B) Authenticate messages for receipt of tamper alarms,"PR.DS-2: Data-in-transit is protected
PR.DS-6: Integrity checking mechanisms are used to verify software, firmware, and information integrity"
,,,V8C) Inadequate criteria for determining which alarms deserve priority in the alarm management component of the AMI system,,M8C) Encrypt communication paths for receipt of tamper alarms,"PR.PT-4: Communications and control networks are protected
PR.DS-2: Data-in-transit is protected"
,,,,,M8D) Protect against replay involving receipt of tamper alarms,"DE.CM-7: Monitoring for unauthorized personnel, connections, devices, and software is performed
DE.DP-2: Detection activities comply with all applicable requirements"
,,,,,M8E) Cross check that tamper alarm is for a real meter,"PR.DS-6: Integrity checking mechanisms are used to verify software, firmware, and information integrity"
,,,,,M8F) Perform hardware acceptance testing including tamper alarms,PR.DS-8: Integrity checking mechanisms are used to verify hardware integrity
,,,,,M8G) Analyze anomalous events that trigger alarms in order to aggregate alarms for reporting,"DE.AE-3: Event data are collected and correlated from multiple sources and sensors
"
,,,,,M8H) Cross check outage alerts with existing technology such as the customer service systems.,"PR.DS-6: Integrity checking mechanisms are used to verify software, firmware, and information integrity
DE.AE-3: Event data are collected and correlated from multiple sources and sensors"
9.0,Invalid Disconnect Messages to Meters Impact Customers and Utility,"A threat agent obtains legitimate credentials to the AMI system via social engineering. The threat agent may already have access to the network on which this system resides or may succeed in reaching the network from another network. The threat agent issues a disconnect command for one or more target meters. Alternatively, a disconnect may be placed in a schedule and then occur automatically at a later time",V9A) System relies on credentials that are easy to obtain for access (via social engineering) in the AMI system,I9A) Customers experience power outages,M9A) Detect unusual patterns of disconnects on smart meters,"DE.AE-5: Incident alert thresholds are established
DE.CM-1: The network is monitored to detect potential cybersecurity events


"
,,,V9B) Workforce may be unaware of recommended precautions to prevent social engineering attacks,I9B) Utility may need to roll a truck to identify the problem,M9B) Re-evaluate scheduled disconnects,"PR.MA-1: Maintenance and repair of organizational assets are performed and logged, with approved and controlled tools
PR.MA-2: Remote maintenance of organizational assets is approved, logged, and performed in a manner that prevents unauthorized access"
,,,V9C) System relies on credentials that are easy to obtain for access to a meter disconnect command (single-factor authentication),I9C) Utility loses revenue (scales based on number of meters affected),M9C) Define policy for mass meter disconnect,"ID.GV-1: Organizational cybersecurity policy is established and communicated
PR.IP-5: Policy and regulations regarding the physical operating environment for organizational assets are met"
,,,V9D) Network interconnections provide users and hardware/software entities with access unnecessary for their roles from remote networks to network containing the AMI system,I9D) Threat agent may use power outage to mask criminal activity at customer sites,M9D) Define procedures for mass meter disconnect,"ID.GV-1: Organizational cybersecurity policy is established and communicated
PR.IP-5: Policy and regulations regarding the physical operating environment for organizational assets are met"
,,,,,M9E) Require multi-factor authentication for mass meter disconnect,"PR.AC-7: Users, devices, and other assets are authenticated (e.g., single-factor, multi-factor) commensurate with the risk of the transaction (e.g., individuals’ security and privacy risks and other organizational risks)"
,,,,,M9F) Train personnel regarding social engineering techniques,PR.AT-1: All users are informed and trained 
,,,,,M9G) Restrict Internet access using firewall rules,"PR.AC-4: Access permissions and authorizations are managed, incorporating the principles of least privilege and separation of duties
PR.AC-3: Remote access is managed"
,,,,,M9H) Require VPNs for internal connections from the Internet,"PR.PT-4: Communications and control networks are protected
PR.AC-3: Remote access is managed"
,,,,,M9I) Restrict Internet access for the AMI headend system,"PR.AC-4: Access permissions and authorizations are managed, incorporating the principles of least privilege and separation of duties
PR.AC-3: Remote access is managed"
,,,,,M9J) Isolate networks for the AMI headend system from the Internet,"PR.AC-5: Network integrity is protected (e.g., network segregation, network segmentation)"
,,,,,M9K) Authenticate devices connecting to the AMI headend system,"PR.AC-7: Users, devices, and other assets are authenticated (e.g., single-factor, multi-factor) commensurate with the risk of the transaction (e.g., individuals’ security and privacy risks and other organizational risks)



"
,,,,,M9L) Require approved cryptographic algorithms for the AMI headend system,"PR.DS-2: Data-in-transit is protected
PR.PT-4: Communications and control networks are protected"
,,,,,M9M) Enforce least privilege to the minimum number of systems and/or individuals requiring MDMS access,"PR.AC-4: Access permissions and authorizations are managed, incorporating the principles of least privilege and separation of duties"
10.0,Unauthorized Pricing Information Impacts Utility Revenue,"The threat agent sends out unauthorized pricing information, such as Time-of-Use (TOU) pricing. This may result in either a loss or increase in utility revenue until the invalid price is recognized. At that point law suits may occur",V10A) Network interconnections provide users and hardware/software entities with access unnecessary for their roles at the enterprise boundary,I10A) Potential for brownout or blackout depending upon the level of response from TOU participants,M10A) Validate data to detect a person overriding the calculated prices or entering inconsistent prices in the price calculation system,"PR.DS-6: Integrity checking mechanisms are used to verify software, firmware, and information integrity"
,,,V10B) System relies on credentials that are easy to obtain for access to pricing change functions,I10B) Utility will lose or gain revenue due to invalid prices,M10B) Create audit log when a person overrides the calculated prices or enters inconsistent prices in the price calculation system,"PR.PT-1: Audit/log records are determined, documented, implemented, and reviewed in accordance with policy"
,,,V10C) System permits unauthorized changes to accounts required to make TOU pricing changes,I10C) Lawsuits might be required to resolve the discrepancies,M10C) Generate alarms when a person overrides the calculated prices or enters inconsistent prices in the price calculation system,"DE.AE-5: Incident alert thresholds are established
DE.CM-1: The network is monitored to detect potential cybersecurity events"
,,,"V10D) Configuration changes are not verified for correctness in pricing data (e.g., TOU pricing)",,M10D) Restrict Internet access using firewall rules,"PR.AC-4: Access permissions and authorizations are managed, incorporating the principles of least privilege and separation of duties
PR.AC-3: Remote access is managed"
,,,,,M10E) Require VPNs for internal connections from the Internet,"PR.PT-4: Communications and control networks are protected
PR.AC-3: Remote access is managed"
,,,,,M10F) Detect unauthorized access between the Internet and AMI,"DE.CM-7: Monitoring for unauthorized personnel, connections, devices, and software is performed"
,,,,,M10G) Restrict network access between the Internet and AMI,"PR.AC-5: Network integrity is protected (e.g., network segregation, network segmentation)
PR.AC-4: Access permissions and authorizations are managed, incorporating the principles of least privilege and separation of duties"
,,,,,M10E) Require multi-factor authentication for price changes,"PR.AC-7: Users, devices, and other assets are authenticated (e.g., single-factor, multi-factor) commensurate with the risk of the transaction (e.g., individuals’ security and privacy risks and other organizational risks)"
,,,,,M10F) Enforce least privilege to minimize personnel with access to perform price changes,"PR.AC-4: Access permissions and authorizations are managed, incorporating the principles of least privilege and separation of duties"
,,,,,"M10G) Protect credentials permitting price changes, in both user and administrative processes","PR.AC-1: Identities and credentials are issued, managed, verified, revoked, and audited for authorized devices, users and processes"
,,,,,M10G) Require two-person rule for execution of price changes,"PR.AC-4: Access permissions and authorizations are managed, incorporating the principles of least privilege and separation of duties
PR.IP-1: A baseline configuration of information technology/industrial control systems is created and maintained incorporating security principles (e.g. concept of least functionality)"
11.0,Spoofed Meter “Last Gasp” Messages Cause Fake Outage,"A threat agent is able to send many spoofed meter “last gasp” messages to the AMI MDMS, indicating a power outage. As more spoofed messages are sent, the grid operator tries to reconfigure the grid to compensate, causing utilities to roll trucks to determine why meters continue to be unresponsive. (Note: This is a special case of
failure scenarios AMI.14 and DR.3.)",V11A) System permits messages to be modified by unauthorized individuals in the path used to receive last gasp messages,I11A) Cost to roll trucks to investigate fake outages,M11A) Define procedures to confirm an outage when receiving an AMI last gasp outage message,PR.IP-5: Policy and regulations regarding the physical operating environment for organizational assets are met
,,,V11B) Message modified by an adversary is either difficult or infeasible to distinguish from a valid message in the path used to receive last gasp messages,I11B) Loss of revenue and creation of a customer service situation,M11B) Continue normal operations rather than responding to AMI last gasp outage messages,"PR.PT-5: Mechanisms (e.g., failsafe, load balancing, hot swap) are implemented to achieve resilience requirements in normal and adverse situations"
,,,V11C) A copy of a prior message or command is difficult or infeasible to distinguish from a new legitimate message or command in the path used to receive last gasp messages,I11C) Loss of confidence by customers due to visible attempts to repair non-existent problems. This may lead to reduced customer acceptance of advanced programs such as DR,M11C) Verify load at substation and line level to verify reduced demand associated with meters reporting last gasp messages,"PR.DS-6: Integrity checking mechanisms are used to verify software, firmware, and information integrity
"
,,,,I11D) Loss of true system state visibility,M11D) Authenticate messages that report last gasp messages from a meter,"PR.DS-2: Data-in-transit is protected
PR.DS-6: Integrity checking mechanisms are used to verify software, firmware, and information integrity"
,,,,,M11E) Encrypt communication paths for last gasp messages,"PR.PT-4: Communications and control networks are protected
PR.DS-2: Data-in-transit is protected"
,,,,,"M11F) Confirm action on receipt of last gasp messages by checking that a last gasp
message is from a real meter","PR.AC-7: Users, devices, and other assets are authenticated (e.g., single-factor, multi-factor) commensurate with the risk of the transaction (e.g., individuals’ security and privacy risks and other organizational risks)"
,,,,,M11G) Protect against replay of last gasp messages,"DE.CM-7: Monitoring for unauthorized personnel, connections, devices, and software is performed
DE.DP-2: Detection activities comply with all applicable requirements"
,,,,,M11H) Confirm action after receiving its last gasp message from a meter,PR.IP-5: Policy and regulations regarding the physical operating environment for organizational assets are met
12.0,Improper Firewall Configuration Exposes Customer Data,"A firewall rule is intentionally or unintentionally created allowing directaccess from another network. Taking advantage of this rule, a threat agent subsequently gains access to the database that receives data from the customer accounts database. This enables the threat agent to steal customer personally identifiable information, including electricity usage data",V12A) System permits unauthorized changes to the firewall,I12A) Potential for breach of customer privacy and loss of customer confidence,M12A) Detect unauthorized access between Internet and AMI consumer information,"DE.CM-7: Monitoring for unauthorized personnel, connections, devices, and software is performed"
,,,V12B) System relies on credentials that are easy to obtain for access to the database,,M12B) Implement configuration management to reduce the likelihood that a threat agent can compromise an entire system,PR.IP-3: Configuration change control processes are in place
,,,V12C) Default configuration allows access that is unnecessary after the system is operational. This allows unnecessary access to the database,,M12C) Conduct penetration testing for changes to Internet-facing resources or high value targets,ID.RA-1: Asset vulnerabilities are identified and documented
,,,V12D) Users lack visibility of threat activity in the AMI system,,M12D) Enforce least privilege to limit database access to authorized applications and/or locally authenticated users,"PR.AC-4: Access permissions and authorizations are managed, incorporating the principles of least privilege and separation of duties"
,,,,,M12E) Protect credentials for access to the customer information database,"PR.AC-1: Identities and credentials are issued, managed, verified, revoked, and audited for authorized devices, users and processes"
,,,,,M12F) Create audit logs of firewall rule changes and customer database accesses,"PR.PT-1: Audit/log records are determined, documented, implemented, and reviewed in accordance with policy"
,,,,,M12G) Detect unusual patterns of database access,"DE.AE-5: Incident alert thresholds are established
DE-CM-1: The network is monitored to detect potential cybersecurity events"
,,,,,M12H) Detect unauthorized configuration changes to the firewall,"DE-CM-1: The network is monitored to detect potential cybersecurity events
PR.IP-3: Configuration change control processes are in place"
,,,,,M12I) Require strong passwords for access to the customer information database,"PR.AC-7: Users, devices, and other assets are authenticated (e.g., single-factor, multi-factor) commensurate with the risk of the transaction (e.g., individuals’ security and privacy risks and other organizational risks)"
,,,,,"M12J) Require multi-factor authentication for access to the customer information
database","PR.AC-7: Users, devices, and other assets are authenticated (e.g., single-factor, multi-factor) commensurate with the risk of the transaction (e.g., individuals’ security and privacy risks and other organizational risks)"
13.0,Authorized User uses Unattended Console to Disconnect Customer,An authorized user gains physical access to the operations room and subsequently an unattended console. The authorized user then disconnects service to a customer’s house,V13A) System permits bypass of access control mechanisms* when the user has physical access to the console,I13A) Unexpected power outage for a single customer,M13A) Restrict physical access to operations room with sensitive consoles,PR.AC-2: Physical access to assets is managed and protected
,,,V13B) Physical access may be obtained by unauthorized individuals at an unattended user console,,M13B) Train personnel regarding need to lock unattended consoles,PR.AT-1: All users are informed and trained 
,,,V13C) Workforce may be unaware of recommended precautions when leaving consoles unattended and unlocked,,M13C) Require video surveillance for operations rooms containing sensitive user consoles,DE.CM-2: The physical environment is monitored to detect potential cybersecurity events
,,,,,M13D) Lock workstations when unattended,"PR.AC-2: Physical access to assets is managed and protected
PR.AC-7: Users, devices, and other assets are authenticated (e.g., single-factor, multi-factor) commensurate with the risk of the transaction (e.g., individuals’ security and privacy risks and other organizational risks)"
,,,,,M13E) Confirm action by requiring approval for some actions in the user interface design,PR.IP-3: Configuration change control processes are in place
,,,,,M13F) Lock workstation for inactivity on non-safety-critical consoles,"PR.AC-2: Physical access to assets is managed and protected
PR.AC-7: Users, devices, and other assets are authenticated (e.g., single-factor, multi-factor) commensurate with the risk of the transaction (e.g., individuals’ security and privacy risks and other organizational risks)"
,,,,,M13G) Cross check physical access identification with system identification to detect failure scenarios such as a threat agent using Person A’s badge to access a physical console and subsequently logging into a system using Person B’s credentials,"DE.CM-7: Monitoring for unauthorized personnel, connections, devices, and software is performed
DE.AE-3: Event data are collected and correlated from multiple sources and sensors"
,,,,,M13H) Require second-level authentication to the application interface to initiate customer disconnect,"PR.AC-7: Users, devices, and other assets are authenticated (e.g., single-factor, multi-factor) commensurate with the risk of the transaction (e.g., individuals’ security and privacy risks and other organizational risks)"
14.0,Breach of Cellular Provider’s Network Exposes AMI Access,"A cellular phone provider’s network is breached, allowing access to a private network leased to a utility for AMI command and control. The AMI implementation is vulnerable to replay attacks and DR  messages are replayed to a group of customers. (Note: This is a special case of failure scenario DR.3.)","V14A) Publicly accessible and/or third party controlled links used (e.g., commercial mobile, utility leased)",I14A) Costs of customer service for complaints and investigations,M14A) Isolate networks using different encryption keys to prevent a breach in one network from affecting another network,"PR.AC-5: Network integrity is protected (e.g., network segregation, network segmentation)"
,,,V14B) Cryptography used that employs algorithms that are breakable within a time period useful to the adversary,I14B) Loss of revenue (if DR messages decrease power draw) or temporary loss of power to more critical uses (if messages increase power draw),M14B) Require approved cryptographic algorithms at the link layer to prevent a threat agent from being able to affect the confidentiality and integrity on the AMI network if a breach should occur,"PR.DS-2: Data-in-transit is protected
PR.PT-4: Communications and control networks are protected
"
,,,V14C) A copy of a prior message or command is difficult or infeasible to distinguish from a new legitimate message or command in the AMI system,I14C) Cost to re-secure the network,"M14C) Protect against replay using time-stamping, or other methods","DE.CM-7: Monitoring for unauthorized personnel, connections, devices, and software is performed
DE.DP-2: Detection activities comply with all applicable requirements"
15.0,Inadequate Security for Backup AMI Enables Malicious Activity,"Inadequate security implementation in the AMI monitoring and control backup system allows a threat agent to execute an attack on the AMI implementation during a business continuity or disaster recovery scenario. Access to these backup systems allows a threat agent to perform malicious activity such as mass disconnects of meters, stopping or modifying DR messages, or creating large numbers of problem meter reports",V15A) Weaker security architecture at backup sites,I15A) Power and revenue loss for disconnected customers,M15A) Restrict physical access for backup sites comparable to normal operational sites,"PR.AC-2: Physical access to assets is managed and protected

"
,,,V15B) Inadequate continuity and recovery security architecture used in business continuity and disaster recovery planning and procedures,I15B) Outages due to inadequate power available at peak times,M15B) Require video surveillance for backup sites comparable to normal operational sites,DE.CM-2: The physical environment is monitored to detect potential cybersecurity events
,,,,I15C) Cost for rolling trucks to investigate problem meters,M15C) Detect physical intrusion for backup sites comparable to normal operational sites,DE.CM-2: The physical environment is monitored to detect potential cybersecurity events
,,,,I15D) Additional operational strain on the utility during a business continuity/disaster recovery situation,"M15D) Emphasize security management in business continuity and disaster recovery planning, procedures, and execution",PR.IP-9: Response plans (Incident Response and Business Continuity) and recovery plans (Incident Recovery and Disaster Recovery) are in place and managed
,,,,,"M15E) Define policy to include risk and vulnerability assessments in business continuity
and disaster recovery testing",ID.GV-4: Governance and risk management processes address cybersecurity risks
16.0,Compromised Headend Allows Impersonation of CA,"The private key for the certificate authority (CA) used to set up a Public Key Infrastructure (PKI) at the headend is compromised, which allows a threat agent to impersonate the CA",V16A) Cryptography used that employs algorithms that are breakable within a time period useful to the adversary for protection of the private CA key,I16A) Costs incurred for rekeying,"M16A) Require approved key management including secure generation, distribution, storage, and update of cryptographic keys","PR.DS-1: Data-at-rest is protected
PR.DS-2: Data-in-transit is protected"
,,,V16B) Security design does not consider the system lifecycle in the headend,I16B) Potential for power overload if the threat agent is able to introduce malicious nodes in the metering system,,
,,,,"I16C) Potential to perform security-relevant tasks such as firmware upgrades, configuration changes, etc. that are initiated from the CA",,
17.0,Malicious Creation of Duplicate APN Prevents Valid AMI Messages,A malicious individual creates a duplicate Access Point Name (APN) for the Group Special Mobile (GSM)-based cellular communications on an AMI network. The meters that are within the range then associate with the fake APN and do not receive messages from the AMI network,V17A) System permits unauthorized changes in the routing mechanisms of the cellular network,I17A) Denial of Service for cellular-based functions within the AMI network,M17A) Verify mode of GSM-based communications for AMI operate only in 3G mode,DE.AE-1: A baseline of network operations and expected data flows for users and systems is established and managed
,,,V17B) System relies on credentials that are easy to obtain for access for reconfiguration of the AMI network,I17AB) Cost to roll a truck to investigate unresponsive meter and to read meter data,M17B) Require fail-over for cellular-based functions fail over to an alternative nonwireless technology such as power line carrier (PLC),"PR.PT-5: Mechanisms (e.g., failsafe, load balancing, hot swap) are implemented to achieve resilience requirements in normal and adverse situations"
,,,,I17C) Inability for meters to receive DR messages could cause customers to either pay more for power or experience a loss of power,M17C) Protect credentials for modifying the configuration of the AMI network,"PR.AC-1: Identities and credentials are issued, managed, verified, revoked, and audited for authorized devices, users and processes"
,,,,"I17D) If exploited on a large scale, potential outages could occur due to a utility’s inability to implement DR",M17D) Require strong passwords for modifying the configuration of the AMI network,"PR.AC-7: Users, devices, and other assets are authenticated (e.g., single-factor, multi-factor) commensurate with the risk of the transaction (e.g., individuals’ security and privacy risks and other organizational risks)"
,,,,,M17E) Require multi-factor authentication for modifying the configuration of the AMI network,"PR.AC-7: Users, devices, and other assets are authenticated (e.g., single-factor, multi-factor) commensurate with the risk of the transaction (e.g., individuals’ security and privacy risks and other organizational risks)"
,,,,,M17F) Detect unusual patterns of traffic on the AMI cellular network,"DE.AE-5: Incident alert thresholds are established
DE.CM-1: The network is monitored to detect potential cybersecurity events


"
18.0,Unauthorized Devices Create DoS and Prevent Valid DR Messages,Unauthorized devices gain access to a home area network (HAN). The devices can then be used to create a Denial-of-Service (DoS) condition so that DR messages cannot reach end customer devices.,V18A) System relies on credentials that are easy to obtain for access to the HAN,I18A) Inability to receive DR messages may cause affected customers to either pay more for power or to suffer a loss of usage of a device requiring power,M18A) Restrict device access to the HAN network,PR.AC-3: Remote access is managed
,,,V18A) Network interfaces permit unnecessary traffic flows instead of only flows to the HAN router/gateway/trust center,I18B) Utility will have associated customer service and troubleshooting costs,M18B) Authenticate devices accessing the HAN network,"PR.AC-7: Users, devices, and other assets are authenticated (e.g., single-factor, multi-factor) commensurate with the risk of the transaction (e.g., individuals’ security and privacy risks and other organizational risks)
"
,,,,"I18C) If exploited on a large scale, potential outages could occur due to utility inability to implement DR ",,
19.0,"Out of Sync Time-stamping Causes Discard of Legitimate
Commands","Time-stamping, sometimes used to detect replay attacks, gets out of sync between a meter and its respective AMI headend system, causing the meter to ignore legitimate commands it interprets as a potential replay attack. This causes loss of  advanced metering functionality such as two-way communications, remote connect/disconnect, and metrology",V19A) A copy of a prior message or command is difficult or infeasible to distinguish from a new legitimate message or command for meter commands from the AMI headend,"I19A) Higher cost, or no cost savings, to read meter data if remote reading fails",M19A) Require reliable external time source for the meter’s time-stamping functionality,"PR.DS-6: Integrity checking mechanisms are used to verify software, firmware, and information integrity"
,,,V19B) System permits unauthorized changes to the time synchronization between meters and the AMI headend,"I19B) If exploited on a large scale, outages could occur due to utility inability to implement DR","M19B) Cross check periodically, the results of the time synchronization protocol","PR.DS-6: Integrity checking mechanisms are used to verify software, firmware, and information integrity"
,,,V19C) System permits unauthorized changes to timestamps on meter commands from the AMI headend,"I19C) Cost of associated customer service, late invoicing, and troubleshooting efforts","M19C) Check software execution integrity of the time synchronization protocol, since software may be compromised when loaded for execution","PR.DS-6: Integrity checking mechanisms are used to verify software, firmware, and information integrity"
,,,,,M19D) Verify time synchronization in the time synchronization protocol,"PR.DS-6: Integrity checking mechanisms are used to verify software, firmware, and information integrity"
,,,,,M19E) Protect against replay using session tokens,"DE.CM-7: Monitoring for unauthorized personnel, connections, devices, and software is performed
DE.DP-2: Detection activities comply with all applicable requirements"
20.0,Independent Energy Generator Causes Lower time-of use (TOU) Pricing,An independent energy generator bribes an AMI operator to lower TOU pricing to increase demand,V20A) System permits unauthorized changes to the TOU pricing implementation,I20A) Utility may lose revenue due to lower prices charged customers at a large volume,M20A) Create audit logs to record TOU pricing changes,"PR.PT-1: Audit/log records are determined, documented, implemented, and reviewed in accordance with policy"
,,,,,M20B) Require two-person rule for major changes,"PR.AC-4: Access permissions and authorizations are managed, incorporating the principles of least privilege and separation of duties
PR.IP-1: A baseline configuration of information technology/industrial control systems is created and maintained incorporating security principles (e.g. concept of least functionality)"
,,,,,M20C) Implement configuration management to reduce the likelihood that one person can implement a change that impacts the entire system,"PR.IP-3: Configuration change control processes are in place
PR.AC-4: Access permissions and authorizations are managed, incorporating the principles of least privilege and separation of duties"
21.0,Stolen Field Service Tools Expose AMI Infrastructure,"A utility’s field service laptop and optical probe are lost or stolen, exposing the software to control components of the AMI infrastructure (e.g., meters and concentrators) to any user","V21A) Physical access to mobile devices may enable logical access to business functions by unauthorized individuals* to software components of the AMI
infrastructure","I21A) Potential for unexpected and perhaps intermittent power loss for a targeted
customer or for a large number of customers, and associated revenue loss for a
utility",M21A) Configure for least functionality on the field service laptop,PR.PT-3: The principle of least functionality is incorporated by configuring systems to provide only essential capabilities
,,,,I21B) Impact may continue even after the laptop is retrieved if a copy of the laptop’s OS and/or applications can be exfiltrated or recreated by the threat agent,M21B) Encrypt data at rest on the field service equipment laptop,PR.DS-1: Data-at-rest is protected
,,,,,M21C) Track asset (phone home) for the field service equipment laptop,ID.AM-1: Physical devices and systems within the organization are inventoried
,,,,,M21D) Require credential revocation for laptops,"PR.AC-1: Identities and credentials are issued, managed, verified, revoked, and audited for authorized devices, users and processes"
,,,,,M21E) Sanitize device with remote wipe capability for lost field assets,PR.IP-6: Data is destroyed according to policy
22.0,Wireless Access to AMI Administration Causes Invalid Disconnect,A threat agent gains wireless access to a web-based administration page on an AMI device that controls the ability to disconnect power from the device,"V22A) System permits wireless access by unauthorized parties* to the wireless network
used to control an AMI device",I22A) Unexpected power loss for the customer,M22A) Require multi-factor authentication for privileged functionality,"PR.AC-7: Users, devices, and other assets are authenticated (e.g., single-factor, multi-factor) commensurate with the risk of the transaction (e.g., individuals’ security and privacy risks and other organizational risks)"
,,,V22B) System relies on credentials that are easy to obtain for access to the web-based administration page used to control an AMI device,,M22B) Restrict application access to web-based administration,"PR.AC-4: Access permissions and authorizations are managed, incorporating the principles of least privilege and separation of duties"
,,,,,M22C) Require approved cryptographic algorithms to protect the wireless network,"PR.DS-2: Data-in-transit is protected
PR.PT-4: Communications and control networks are protected
"
23.0,"Meter Authentication Credentials are Compromised and Posted on
Internet","A utility deploys all AMI devices with the same authentication credentials granting privileged access via the local infra-red port, and the credentials are compromised and posted on the Internet",V23A) System relies on credentials that are easy to obtain for access to AMI devices (hardcoded passwords),"I23A) Potential for unexpected and perhaps intermittent power loss for a targeted customer or for a large number of customers, and associated revenue loss for a utility",M23A) Require multi-factor authentication for privileged functionality,"PR.AC-7: Users, devices, and other assets are authenticated (e.g., single-factor, multi-factor) commensurate with the risk of the transaction (e.g., individuals’ security and privacy risks and other organizational risks)"
,,,V23B) Shared credentials are used for access to AMI devices,,M23B) Verify absence of hardcoded credentials on AMI equipment,"PR.AC-1: Identities and credentials are issued, managed, verified, revoked, and audited for authorized devices, users and processes"
,,,,,M23C) Require password rule enforcement including rule that limits sharing of a password by many meters,"PR.AC-1: Identities and credentials are issued, managed, verified, revoked, and audited for authorized devices, users and processes"
24.0,Weak Cryptography Exposes AMI Device Communication,"An AMI vendor implements weak cryptography that is easy to crack, allowing access to and modification of configuration or data on that interface.",V24A) Cryptography used that employs algorithms that are breakable within a time period useful to the adversary to control access to configuration or data in AMI implementation,"I24A) Cost to upgrade or to replace all devices, if upgrade is not feasible. This impact is expected whether or not a threat agent ever uses this vulnerability to launch an attack",M24A) Require approved cryptographic algorithms,"PR.DS-2: Data-in-transit is protected
"
,,,,"I24B) Loss of customers’ private information, and associated costs",M24B) Define procedure in change and configuration management policies and procedures to allow future cryptographic changes,"PR.IP-3: Configuration change control processes are in place
"
,,,,"I24C) Mass disconnect of meters potentially causing circuit breaker trips, resulting in
temporary outages until power on the grid can be rebalanced","M24C) Define procedure to include security, including cryptography, in the purchasing process",ID.SC-3: Contracts with suppliers and third-party partners are used to implement appropriate measures designed to meet the objectives of an organization’s cybersecurity program and Cyber Supply Chain Risk Management Plan.
,,,,,M24D) Perform security testing of security controls during system acceptance testing,PR.IP-2: A System Development Life Cycle to manage systems is implemented
25.0,Known but Unpatched Vulnerability Exposes AMI Infrastructure,A threat agent is able to gain access to the AMI system by exploiting a known vulnerability that has not yet been patched. The threat agent is unable to access the AMI applications but can access other AMI devices and the headend system,V25A) Software patches are not checked regularly to ensure that they are current in the AMI devices and headend system,"I25A) Access to an AMI headend, via an unpatched firewall and operating system for
example, could permit a threat agent to shut down the AMI headend","M25A) Maintain patches including a severity rating (e.g., critical, important, moderate, low) and timeframes for patching vulnerabilities based on severity","PR.MA-1: Maintenance and repair of organizational assets are performed and logged, with approved and controlled tools
PR.IP-12: A vulnerability management plan is developed and implemented
RS.MI-3: Newly identified vulnerabilities are mitigated or documented as accepted risks"
,,,,"I25B) Outages caused by an AMI headend shut down due to the utility’s inability to
implement DR at peak times",M25B) Detect unauthorized access in network traffic to the AMI headend servers,"DE.CM-7: Monitoring for unauthorized personnel, connections, devices, and software is performed"
,,,,I25C) Customer service and troubleshooting costs,M25C) Generate alarms for unauthorized access to the AMI headend servers,"DE.AE-5: Incident alert thresholds are established
DE.CM-1: The network is monitored to detect potential cybersecurity events"
,,,,,M25D) Restrict network access to the AMI headend servers,"PR.AC-4: Access permissions and authorizations are managed, incorporating the principles of least privilege and separation of duties
PR.AC-3: Remote access is managed"
,,,,,"M25E) Define procedures for equipment purchase, to ensure timely availability of
validated security updates from vendor","ID.SC-3: Contracts with suppliers and third-party partners are used to implement appropriate measures designed to meet the objectives of an organization’s cybersecurity program and Cyber Supply Chain Risk Management Plan
PR.MA-2: Remote maintenance of organizational assets is approved, logged, and performed in a manner that prevents unauthorized access"
,,,,,M25F) Perform security testing to validate that the system as purchased is current with respect to security updates,"ID.SC-2: Suppliers and third party partners of information systems, components, and services are identified, prioritized, and assessed using a cyber supply chain risk assessment process "
26.0,AMI Billing Cards are Compromised Incurring Loss of Revenue,"The smart cards or magnetic cards for AMI billing are compromised. Example compromises include tampering with cards to change the credit amount, erasing the logic that decrements the credit amount remaining, or forging cards",V26A) System assumes data inputs and resulting calculations are accurate on smartcards inserted into a meter,I26A) Loss of revenue,M26A) Design for security in the payment system,PR.IP-1: A baseline configuration of information technology/industrial control systems is created and maintained incorporating security principles (e.g. concept of least functionality)
,,,V26B) System permits unauthorized changes to AMI billing information on smartcards,,M26B) Check software file integrity (digital signatures or keyed hashes) to the card contents,"PR.DS-6: Integrity checking mechanisms are used to verify software, firmware, and information integrity"
,,,,,"M26C) Authenticate data source i.e., smart cards or magnetic cards for AMI billing","PR.AC-7: Users, devices, and other assets are authenticated (e.g., single-factor, multi-factor) commensurate with the risk of the transaction (e.g., individuals’ security and privacy risks and other organizational risks)"
,,,,,M26D) Perform security testing as a part of system acceptance testing,"PR.IP-2: A System Development Life Cycle to manage systems is implemented
ID.RA-1: Asset vulnerabilities are identified and documented"
27.0,Reverse Engineering of AMI Equipment Allows Unauthorized Mass,"A threat agent is able to reverse engineer AMI equipment (meters and concentrators) to determine how to remotely control them. This allows the threat agent to control many devices simultaneously, and, for example, to perform a simultaneous mass disconnect, send DR messages that cause consumption of electricity to go up dramatically, or cause devices to send out last gasp or self-test failed messages","V27A) Design permits unnecessary privileges*, such as unprotected interfaces used for development, testing, monitoring, or maintenance purposes that remain in production equipment","I27A) When demand can be manipulated quickly by a threat agent, there is the potential for outages while operators adjust generation to demand",M27A) Design for security to identify and remove unsecure development features and “nonstandard” interfaces from “production devices”,PR.IP-1: A baseline configuration of information technology/industrial control systems is created and maintained incorporating security principles (e.g. concept of least functionality)
,,,V27B) Back doors for access are left in place for AMI equipment,"I27B) Faked failure messages cause the utility to assume the cost of investigation and deploying technicians to resolve issues, as well as cost of their inability to address real problem meters due to the false event “noise.”",M27B) Design for security in equipment such that knowledge of the design alone should not allow a threat agent to access a device without knowledge of keys and other credentials in equipment devices,PR.IP-1: A baseline configuration of information technology/industrial control systems is created and maintained incorporating security principles (e.g. concept of least functionality)
,,,,,M27C) Configure for least functionality by removing unnecessary interfaces and labeling from production devices,"PR.PT-3: The principle of least functionality is incorporated by configuring systems to provide only essential capabilities
"
28.0,Failed Patching Causes AMI Devices to Stop Operating,"A utility attempts to patch the AMI devices, but fails. Many AMI devices are no longer able to operate due to the failed patching pr",V28A) Software patches may be applied without verifying continued system operation in the realistic environment of a large footprint operation,I28A) Cost to utility to repair or replace devices,M28A) Require fail-safe rollback for the patching process,"PR.PT-5: Mechanisms (e.g., failsafe, load balancing, hot swap) are implemented to achieve resilience requirements in normal and adverse situations"
,,,,"I28B) Lack of capability to invoice customers, causing temporary financial loss",M28B) Test before installation to troubleshoot problems by testing a (non-production) set of meters prior to applying patches to production units,"PR.DS-7: The development and testing environment(s) are separate from the production environment
PR.IP-2: A System Development Life Cycle to manage systems is implemented"
,,,,"I28C) Loss of capability to perform DR, which may cause outages during periods of peak use",,
,,,,I28D) Cost of handling customer service situation,,
29.0,"Unauthorized Device Acquires HAN Access and Steals Private
Information",An unauthorized device gains access to the HAN and uses the web interface to obtain private information. Examples of such information are patterns of energy usage and the presence of medical devices,V29A) System relies on credentials that are easy to obtain for access to the HAN,I29A) Privacy violations for customers,M29A) Require approved cryptographic algorithms for protection of the HAN,"PR.DS-2: Data-in-transit is protected
PR.PT-4: Communications and control networks are protected
"
,,,,"I29B) Loss of public confidence in AMI, even if the utility is not held legally responsible for the privacy violations",M29B) Require multi-factor authentication for access to the HAN,"PR.AC-7: Users, devices, and other assets are authenticated (e.g., single-factor, multi-factor) commensurate with the risk of the transaction (e.g., individuals’ security and privacy risks and other organizational risks)"
,,,,I29C) Costs of privacy breach notification if required of the utility,M29C) Minimize private information in HAN systems and devices,PR.PT-3: The principle of least functionality is incorporated by configuring systems to provide only essential capabilities
30.0,Threat Agent Performs Unauthorized Firmware Alteration,"A threat agent installs rogue firmware on multiple smart meters, bypassing any protection mechanism (e.g., checksums, signatures) and fully controlling smart meter behavior. This might be achieved via direct access to meters, via interception/modification of legitimate meter updates or via access to the headend",V30A) System relies on credentials that are easy to obtain for access to install firmware on the meter,I30A) Continuous loss of revenue for utility if modified firmware understates usage (impact scales as more meters are affected),"M30A) Detect unusual patterns of energy usage on smart meters (all utilities have some type of revenue protection scheme, but these may not be sufficient)","DE.AE-5: Incident alert thresholds are established
DE.AE-1: A baseline of network operations and expected data flows for users and systems is established and managed
DE.CM-1: The network is monitored to detect potential cybersecurity events
"
,,,V30B) System permits installation of malware* on a meter,"I30B) Truck rolls needed to investigate compromised meter failure or nonresponsive
meters",M30B) Require multi-factor authentication for firmware updates,"PR.AC-7: Users, devices, and other assets are authenticated (e.g., single-factor, multi-factor) commensurate with the risk of the transaction (e.g., individuals’ security and privacy risks and other organizational risks)"
,,,,,M30C) Check software file integrity (using digital signature or keyed hash) code files to validate firmware updates before installation,"PR.DS-6: Integrity checking mechanisms are used to verify software, firmware, and information integrity"
,,,,,M30D) Use Role-Based Access Control to limit privileges to install firmware,"PR.AC-4: Access permissions and authorizations are managed, incorporating the principles of least privilege and separation of duties"
31.0,Rogue Firmware Enables Unauthorized Mass Remote Disconnect,"A threat agent prepares smart meter firmware containing malware and manually installs it on a target smart meter in each neighborhood. The single insertion point in each neighborhood becomes the bot master for a smart meter based botnet. The bot master acquires the IP address for the neighborhood's headend at the utility and spoofs that address. As other smart meters attempt to connect to the headend, the bot master sends a firmware update command to the smart meters and transmits the malicious firmware to each victim. Individual bots propagate the malicious firmware throughout the neighborhood and use them to achieve a mass remote disconnect scheduled at the same time","V31A) System relies on credentials that are easy to obtain for access to communicate to the meter with the privileges of the headend, such as updating meter firmware","I31A) An instantaneous mass disconnect/reconnect over multiple feeders, if permitted by the system, could cause temporary blackouts due to circuit breaker trips until power on the grid can be rebalanced",M31A) Detect anomalous commands (disconnect and reconnect commands) on the network not stemming from the normal Customer Information System (CIS) system,"DE.AE-5: Incident alert thresholds are established
DE.CM-1: The network is monitored to detect potential cybersecurity events
DE.AE-1: A baseline of network operations and expected data flows for users and systems is established and managed


"
,,,"V31B) System permits unauthorized installation of software or firmware* such as the
propagation of unauthorized firmware to meters by a compromised headend
system","I31B) A small number of disconnects could subvert the smart grid deployment and
make the utility lose consumer confidence",M31B) Require multi-factor authentication for firmware updates,"PR.AC-7: Users, devices, and other assets are authenticated (e.g., single-factor, multi-factor) commensurate with the risk of the transaction (e.g., individuals’ security and privacy risks and other organizational risks)"
,,,,,"M31C) Check software file integrity (digital signature or keyed hash) on code files to
validate firmware updates before installation","PR.DS-6: Integrity checking mechanisms are used to verify software, firmware, and information integrity"
32.0,Power Stolen by Reconfiguring Meter via Optical Port,"Many smart meters provide the capability of re-calibrating the settings via an optical port, which is then misused by economic thieves who offer to alter the meters for a fee, changing the settings for recording power consumption and often cutting utility bills by 50-75%. This requires collusion between a knowledgeable criminal and an electric customer, and will spread because of the ease of intrusion and the economic benefit to both parties","V32A) Insiders with high potential for criminal or malicious behavior have access to critical functions or sensitive data, in particular, procedures and equipment for modifying meter configurations",I32A) The utility experiences a loss of revenue due to under billing,V32A) Require password rule enforcement (not the same password for all meters),"PR.AC-1: Identities and credentials are issued, managed, verified, revoked, and audited for authorized devices, users and processes"
,,,"V32B) System relies on credentials that are easy to obtain for access to the meter optical port, which in many cases allows reconfiguration of the meter settings (the optical port password may be found unencrypted on the meter or in field equipment that accesses the meter)",,"V32B) Detect unusual patterns of energy usage on smart meters (all utilities have some type of revenue protection scheme, but these may not be sufficient)","DE.AE-5: Incident alert thresholds are established
DE.AE-1: A baseline of network operations and expected data flows for users and systems is established and managed
DE.CM-1: The network is monitored to detect potential cybersecurity events
"
,,,V32C) System permits unauthorized changes to the configuration that determines how power consumption is recorded,,V32C) Detect unauthorized configuration changes on the meter,"DE-CM-1: The network is monitored to detect potential cybersecurity events
PR.IP-3: Configuration change control processes are in place"
,,,V32D) System relies on credentials that are easy to obtain for access (via password) to field tool or third party installations of software that can reconfigure meters,,"V32D) Verify personnel with extensive background checks on utility employees and contract maintenance personnel, especially those that directly interact with field devices","PR.IP-11: Cybersecurity is included in human resources practices (e.g., deprovisioning, personnel screening)"
,,,,,V32E) Use Role-Based Access Control to limit privilege to change meter settings that determine how power consumption is recorded,"PR.AC-4: Access permissions and authorizations are managed, incorporating the principles of least privilege and separation of duties"
,,,,,"V32F) Protect credentials to meter optical port, within administrative processes, on meter and in field equipment","PR.AC-1: Identities and credentials are issued, managed, verified, revoked, and audited for authorized devices, users and processes"
,,,,,,
